time,open,high,low,close
2017-12-18T02:00:00+03:00,20650,20650,18345,19100
2017-12-19T02:00:00+03:00,19135,19725,17180,18200
2017-12-20T02:00:00+03:00,17745,18350,16435,17040
2017-12-21T02:00:00+03:00,16400,17270,15080,15330
2017-12-22T02:00:00+03:00,15595,15825,12265,14135
2017-12-25T02:00:00+03:00,13900,16100,13700,15785
2017-12-27T02:00:00+03:00,15655,16545,14460,14690
2017-12-28T02:00:00+03:00,15150,15280,13360,13745
2017-12-29T02:00:00+03:00,13965,15005,13835,14470
2018-01-01T02:00:00+03:00,13955,15245,13080,14855
2018-01-03T02:00:00+03:00,14900,15450,14650,14975
2018-01-04T02:00:00+03:00,14925,15470,14205,14900
2018-01-05T02:00:00+03:00,15085,16845,14870,16590
2018-01-08T02:00:00+03:00,16425,16455,13870,14905
2018-01-09T02:00:00+03:00,14675,15365,14185,14750
2018-01-10T02:00:00+03:00,14405,14720,13480,14450
2018-01-11T02:00:00+03:00,14500,14910,12820,13385
2018-01-12T02:00:00+03:00,13000,14080,12850,13945
2018-01-15T02:00:00+03:00,13600,14280,11160,11160
2018-01-17T02:00:00+03:00,11190,11800,9225,10945
2018-01-18T02:00:00+03:00,11125,12075,10645,11815
2018-01-19T02:00:00+03:00,11335,12030,10990,11360
2018-01-22T02:00:00+03:00,11300,11830,9955,10355
2018-01-23T02:00:00+03:00,10625,11350,9865,11095
2018-01-24T02:00:00+03:00,10920,11450,10490,11155
2018-01-25T02:00:00+03:00,11450,11660,10830,11200
2018-01-26T02:00:00+03:00,11060,11620,10250,10965
2018-01-29T02:00:00+03:00,11510,11775,10970,11170
2018-01-30T02:00:00+03:00,11120,11245,9720,9940
2018-01-31T02:00:00+03:00,10000,10275,9500,10000
2018-02-01T02:00:00+03:00,10020,10175,8480,9090
2018-02-02T02:00:00+03:00,8890,9075,7750,8585
2018-02-05T02:00:00+03:00,8305,8315,6870,7260
2018-02-06T02:00:00+03:00,6850,7920,5970,7550
2018-02-07T02:00:00+03:00,7620,8540,7235,8245
2018-02-08T02:00:00+03:00,7790,8690,7645,8325
2018-02-09T02:00:00+03:00,8165,8770,7715,8610
2018-02-12T02:00:00+03:00,8380,8920,8075,8860
2018-02-13T02:00:00+03:00,8925,9000,8335,8700
2018-02-14T02:00:00+03:00,8505,9390,8505,9290
2018-02-15T02:00:00+03:00,9400,10180,9375,10090
2018-02-16T02:00:00+03:00,10090,10265,9675,10020
2018-02-19T02:00:00+03:00,10350,11760,10315,11735
2018-02-21T02:00:00+03:00,11220,11280,10260,10370
2018-02-22T02:00:00+03:00,10500,10865,9760,10095
2018-02-23T02:00:00+03:00,9880,10340,9530,9950
2018-02-26T02:00:00+03:00,9680,10390,9270,10250
2018-02-27T02:00:00+03:00,10285,10875,10100,10660
2018-02-28T02:00:00+03:00,10665,11005,10330,10645
2018-03-01T02:00:00+03:00,10450,11100,10220,11065
2018-03-02T02:00:00+03:00,11035,11215,10760,11060
2018-03-05T02:00:00+03:00,11350,11700,11340,11615
2018-03-06T02:00:00+03:00,11595,11655,10570,10650
2018-03-07T02:00:00+03:00,10735,10880,9385,9790
2018-03-08T02:00:00+03:00,9970,10100,9105,9400
2018-03-09T02:00:00+03:00,9350,9445,8390,9015
2018-03-12T01:00:00+03:00,9490,9940,8735,8910
2018-03-13T01:00:00+03:00,9165,9515,8825,9070
2018-03-14T01:00:00+03:00,8905,9395,8185,8275
2018-03-15T01:00:00+03:00,8005,8450,7700,8235
2018-03-16T01:00:00+03:00,8340,8640,7885,8555
2018-03-19T01:00:00+03:00,8275,8720,8100,8400
2018-03-20T01:00:00+03:00,8420,9025,8320,8945
2018-03-21T01:00:00+03:00,8990,9185,8775,8890
2018-03-22T01:00:00+03:00,8905,9095,8500,8630
2018-03-23T01:00:00+03:00,8650,8770,8270,8615
2018-03-26T01:00:00+03:00,8650,8650,7840,7910
2018-03-27T01:00:00+03:00,8220,8235,7790,7915
2018-03-28T01:00:00+03:00,7920,8090,7745,7900
2018-03-29T01:00:00+03:00,7895,8010,7070,7335
2018-04-02T01:00:00+03:00,6905,7150,6775,6990
2018-04-03T01:00:00+03:00,6975,7520,6965,7460
2018-04-04T01:00:00+03:00,7430,7440,6725,6860
2018-04-05T01:00:00+03:00,6790,6925,6550,6760
2018-04-06T01:00:00+03:00,6760,6890,6485,6630
2018-04-09T01:00:00+03:00,7025,7225,6605,6675
2018-04-10T01:00:00+03:00,6705,6880,6640,6840
2018-04-11T01:00:00+03:00,6860,6970,6785,6920
2018-04-12T01:00:00+03:00,6920,8105,6660,7680
2018-04-13T01:00:00+03:00,7790,8235,7760,8105
2018-04-16T01:00:00+03:00,8005,8445,7880,7980
2018-04-17T01:00:00+03:00,8015,8180,7805,7885
2018-04-18T01:00:00+03:00,7870,8240,7860,8125
2018-04-19T01:00:00+03:00,8190,8315,8100,8260
2018-04-20T01:00:00+03:00,8300,8585,8235,8540
2018-04-23T01:00:00+03:00,8910,9015,8775,8845
2018-04-24T01:00:00+03:00,8965,9465,8920,9455
2018-04-25T01:00:00+03:00,9575,9750,8780,9000
2018-04-26T01:00:00+03:00,9190,9265,8670,8895
2018-04-27T01:00:00+03:00,9135,9420,8940,9080
2018-04-30T01:00:00+03:00,9375,9495,9140,9365
2018-05-01T01:00:00+03:00,9285,9315,8815,8985
2018-05-02T01:00:00+03:00,9070,9210,8985,9150
2018-05-03T01:00:00+03:00,9245,9805,9180,9675
2018-05-04T01:00:00+03:00,9710,9840,9540,9670
2018-05-07T01:00:00+03:00,9605,9705,9160,9435
2018-05-08T01:00:00+03:00,9410,9490,9010,9235
2018-05-09T01:00:00+03:00,9185,9375,8955,9280
2018-05-10T01:00:00+03:00,9255,9415,9040,9090
2018-05-11T01:00:00+03:00,9110,9125,8380,8625
2018-05-14T01:00:00+03:00,8660,8900,8285,8755
2018-05-15T01:00:00+03:00,8735,8850,8435,8555
2018-05-16T01:00:00+03:00,8475,8545,8115,8250
2018-05-17T01:00:00+03:00,8290,8460,8115,8180
2018-05-18T01:00:00+03:00,8225,8275,7915,8230
2018-05-21T01:00:00+03:00,8525,8680,8320,8375
2018-05-22T01:00:00+03:00,8345,8420,8070,8180
2018-05-23T01:00:00+03:00,8075,8075,7445,7600
2018-05-24T01:00:00+03:00,7500,7730,7275,7600
2018-05-25T01:00:00+03:00,7525,7675,7330,7440
2018-05-28T01:00:00+03:00,7190,7580,7050,7495
2018-05-30T01:00:00+03:00,7505,7620,7270,7320
2018-05-31T01:00:00+03:00,7335,7660,7335,7545
2018-06-01T01:00:00+03:00,7550,7620,7300,7440
2018-06-04T01:00:00+03:00,7715,7900,7460,7500
2018-06-05T01:00:00+03:00,7515,7670,7360,7625
2018-06-06T01:00:00+03:00,7605,7695,7485,7540
2018-06-07T01:00:00+03:00,7695,7780,7640,7705
2018-06-08T01:00:00+03:00,7670,7705,7540,7655
2018-06-11T01:00:00+03:00,7120,7120,6610,6750
2018-06-12T01:00:00+03:00,6770,6890,6425,6500
2018-06-13T01:00:00+03:00,6470,6620,6100,6270
2018-06-14T01:00:00+03:00,6275,6705,6250,6635
2018-06-15T01:00:00+03:00,6670,6670,6440,6530
2018-06-18T01:00:00+03:00,6495,6785,6340,6695
2018-06-19T01:00:00+03:00,6710,6840,6650,6735
2018-06-20T01:00:00+03:00,6705,6815,6545,6745
2018-06-21T01:00:00+03:00,6705,6780,6670,6710
2018-06-22T01:00:00+03:00,6705,6735,5960,6165
2018-06-25T01:00:00+03:00,6150,6345,6065,6245
2018-06-26T01:00:00+03:00,6255,6275,6120,6160
2018-06-27T01:00:00+03:00,6190,6190,5975,6135
2018-06-28T01:00:00+03:00,6095,6135,5985,6065
2018-06-29T01:00:00+03:00,5895,5930,5755,5865
2018-07-02T01:00:00+03:00,6275,6680,6260,6625
2018-07-03T01:00:00+03:00,6645,6660,6530,6580
2018-07-04T01:00:00+03:00,6690,6700,6430,6505
2018-07-06T01:00:00+03:00,6490,6640,6430,6565
2018-07-09T01:00:00+03:00,6745,6760,6645,6695
2018-07-10T01:00:00+03:00,6695,6785,6295,6355
2018-07-11T01:00:00+03:00,6355,6380,6245,6330
2018-07-12T01:00:00+03:00,6355,6365,6110,6160
2018-07-13T01:00:00+03:00,6160,6340,6060,6165
2018-07-16T01:00:00+03:00,6370,6710,6320,6675
2018-07-17T01:00:00+03:00,6665,7470,6655,7305
2018-07-18T01:00:00+03:00,7385,7595,7240,7395
2018-07-19T01:00:00+03:00,7325,7510,7275,7450
2018-07-20T01:00:00+03:00,7435,7700,7270,7340
2018-07-23T01:00:00+03:00,7380,7820,7335,7735
2018-07-24T01:00:00+03:00,7740,8365,7680,8260
2018-07-25T01:00:00+03:00,8290,8490,8020,8135
2018-07-26T01:00:00+03:00,8250,8300,8110,8255
2018-07-27T01:00:00+03:00,7980,8260,7775,8200
2018-07-30T01:00:00+03:00,8140,8265,7845,8100
2018-07-31T01:00:00+03:00,8120,8200,7640,7730
2018-08-01T01:00:00+03:00,7695,7760,7440,7545
2018-08-02T01:00:00+03:00,7460,7700,7430,7525
2018-08-03T01:00:00+03:00,7525,7560,7270,7370
2018-08-06T01:00:00+03:00,7080,7140,6870,6920
2018-08-07T01:00:00+03:00,6845,7155,6825,6990
2018-08-08T01:00:00+03:00,6765,6785,6105,6330
2018-08-09T01:00:00+03:00,6300,6545,6170,6460
2018-08-10T01:00:00+03:00,6555,6605,6105,6390
2018-08-13T01:00:00+03:00,6405,6555,6135,6230
2018-08-14T01:00:00+03:00,6240,6280,5850,6075
2018-08-15T01:00:00+03:00,6105,6600,6075,6375
2018-08-16T01:00:00+03:00,6400,6475,6185,6405
2018-08-17T01:00:00+03:00,6265,6545,6245,6480
2018-08-20T01:00:00+03:00,6490,6515,6360,6430
2018-08-21T01:00:00+03:00,6395,6470,6205,6425
2018-08-22T01:00:00+03:00,6440,6870,6250,6405
2018-08-23T01:00:00+03:00,6350,6465,6225,6405
2018-08-24T01:00:00+03:00,6460,6640,6450,6615
2018-08-27T01:00:00+03:00,6655,6760,6650,6730
2018-08-28T01:00:00+03:00,6720,7125,6715,7090
2018-08-29T01:00:00+03:00,7060,7100,6890,6995
2018-08-30T01:00:00+03:00,7040,7045,6785,6805
2018-08-31T01:00:00+03:00,6950,7090,6865,7045
2018-09-03T01:00:00+03:00,7305,7410,7220,7350
2018-09-05T01:00:00+03:00,7355,7395,6840,6900
2018-09-06T01:00:00+03:00,6925,6925,6215,6430
2018-09-07T01:00:00+03:00,6410,6505,6280,6390
2018-09-10T01:00:00+03:00,6340,6350,6175,6265
2018-09-11T01:00:00+03:00,6260,6385,6120,6230
2018-09-12T01:00:00+03:00,6270,6335,6175,6290
2018-09-13T01:00:00+03:00,6295,6525,6295,6435
2018-09-14T01:00:00+03:00,6450,6575,6330,6525
2018-09-17T01:00:00+03:00,6470,6525,6165,6230
2018-09-18T01:00:00+03:00,6210,6370,6180,6275
2018-09-19T01:00:00+03:00,6305,6535,6035,6375
2018-09-20T01:00:00+03:00,6365,6435,6310,6400
2018-09-21T01:00:00+03:00,6470,6775,6455,6740
2018-09-24T01:00:00+03:00,6665,6720,6555,6610
2018-09-25T01:00:00+03:00,6605,6605,6315,6355
2018-09-26T01:00:00+03:00,6375,6525,6365,6475
2018-09-27T01:00:00+03:00,6435,6735,6420,6645
2018-09-28T01:00:00+03:00,6700,6805,6520,6670
2018-10-01T01:00:00+03:00,6560,6625,6455,6540
2018-10-02T01:00:00+03:00,6550,6585,6435,6510
2018-10-03T01:00:00+03:00,6510,6520,6345,6425
2018-10-04T01:00:00+03:00,6415,6610,6405,6555
2018-10-05T01:00:00+03:00,6530,6580,6500,6530
2018-10-08T01:00:00+03:00,6530,6675,6515,6630
2018-10-09T01:00:00+03:00,6620,6620,6535,6580
2018-10-10T01:00:00+03:00,6580,6590,6450,6540
2018-10-11T01:00:00+03:00,6515,6535,6030,6180
2018-10-12T01:00:00+03:00,6180,6225,6095,6185
2018-10-15T01:00:00+03:00,6165,6770,6110,6390
2018-10-16T01:00:00+03:00,6390,6495,6380,6420
2018-10-17T01:00:00+03:00,6445,6480,6400,6420
2018-10-18T01:00:00+03:00,6430,6480,6330,6390
2018-10-19T01:00:00+03:00,6375,6405,6340,6380
2018-10-22T01:00:00+03:00,6415,6445,6360,6395
2018-10-23T01:00:00+03:00,6400,6425,6350,6395
2018-10-24T01:00:00+03:00,6375,6465,6365,6415
2018-10-25T01:00:00+03:00,6410,6410,6320,6405
2018-10-26T01:00:00+03:00,6395,6460,6370,6390
2018-10-29T01:00:00+03:00,6390,6440,6185,6240
2018-10-30T01:00:00+03:00,6245,6290,6230,6245
2018-10-31T01:00:00+03:00,6255,6340,6170,6295
2018-11-01T01:00:00+03:00,6295,6335,6290,6315
2018-11-02T01:00:00+03:00,6335,6375,6320,6345
2018-11-05T02:00:00+03:00,6400,6450,6365,6390
2018-11-06T02:00:00+03:00,6395,6475,6385,6415
2018-11-07T02:00:00+03:00,6430,6545,6430,6510
2018-11-08T02:00:00+03:00,6510,6525,6370,6410
2018-11-09T02:00:00+03:00,6400,6415,6240,6335
2018-11-12T02:00:00+03:00,6290,6395,6290,6325
2018-11-13T02:00:00+03:00,6315,6325,6225,6285
2018-11-14T02:00:00+03:00,6290,6290,5230,5365
2018-11-15T02:00:00+03:00,5510,5590,5155,5425
2018-11-16T02:00:00+03:00,5435,5550,5385,5450
2018-11-19T02:00:00+03:00,5500,5515,4560,4835
2018-11-20T02:00:00+03:00,4740,4870,4015,4240
2018-11-21T02:00:00+03:00,4230,4620,4165,4390
2018-11-22T02:00:00+03:00,4370,4375,4085,4190
2018-11-26T02:00:00+03:00,3965,4055,3515,3605
2018-11-27T02:00:00+03:00,3635,3790,3550,3720
2018-11-28T02:00:00+03:00,3775,4345,3770,4285
2018-11-29T02:00:00+03:00,4165,4365,4060,4175
2018-11-30T02:00:00+03:00,4205,4265,3835,3930
2018-12-03T02:00:00+03:00,4090,4130,3690,3800
2018-12-04T02:00:00+03:00,3905,4015,3690,3840
2018-12-05T02:00:00+03:00,3950,3950,3590,3705
2018-12-06T02:00:00+03:00,3670,3960,3360,3600
2018-12-07T02:00:00+03:00,3575,3595,3135,3300
2018-12-10T02:00:00+03:00,3495,3580,3330,3375
2018-12-11T02:00:00+03:00,3380,3405,3265,3320
2018-12-12T02:00:00+03:00,3345,3470,3305,3420
2018-12-13T02:00:00+03:00,3395,3420,3190,3215
2018-12-14T02:00:00+03:00,3235,3265,3120,3145
2018-12-17T02:00:00+03:00,3180,3570,3165,3530
2018-12-18T02:00:00+03:00,3475,3560,3425,3495
2018-12-19T02:00:00+03:00,3550,3890,3550,3695
2018-12-20T02:00:00+03:00,3675,4150,3635,3875
2018-12-21T02:00:00+03:00,4040,4135,3605,3775
2018-12-24T02:00:00+03:00,3950,4265,3925,4070
2018-12-26T02:00:00+03:00,3735,3835,3680,3755
2018-12-27T02:00:00+03:00,3795,3820,3525,3545
2018-12-28T02:00:00+03:00,3550,3985,3535,3870
2018-12-31T02:00:00+03:00,3800,3810,3600,3650
2019-01-02T02:00:00+03:00,3720,3855,3685,3830
2019-01-03T02:00:00+03:00,3850,3870,3710,3760
2019-01-04T02:00:00+03:00,3755,3875,3690,3745
2019-01-07T02:00:00+03:00,3990,4070,3945,3985
2019-01-08T02:00:00+03:00,3980,4095,3925,3985
2019-01-09T02:00:00+03:00,3990,4030,3950,3990
2019-01-10T02:00:00+03:00,3995,4020,3525,3605
2019-01-11T02:00:00+03:00,3600,3685,3560,3635
2019-01-14T02:00:00+03:00,3490,3700,3400,3650
2019-01-15T02:00:00+03:00,3650,3665,3490,3535
2019-01-16T02:00:00+03:00,3550,3645,3545,3560
2019-01-17T02:00:00+03:00,3570,3645,3515,3605
2019-01-18T02:00:00+03:00,3615,3630,3540,3585
2019-01-21T02:00:00+03:00,3525,3620,3390,3580
2019-01-23T02:00:00+03:00,3550,3570,3410,3505
2019-01-24T02:00:00+03:00,3505,3545,3500,3520
2019-01-25T02:00:00+03:00,3525,3535,3465,3505
2019-01-28T02:00:00+03:00,3485,3515,3325,3380
2019-01-29T02:00:00+03:00,3385,3395,3300,3370
2019-01-30T02:00:00+03:00,3360,3435,3345,3410
2019-01-31T02:00:00+03:00,3420,3455,3365,3395
2019-02-01T02:00:00+03:00,3385,3440,3345,3425
2019-02-04T02:00:00+03:00,3380,3415,3375,3395
2019-02-05T02:00:00+03:00,3390,3415,3380,3400
2019-02-06T02:00:00+03:00,3405,3420,3310,3340
2019-02-07T02:00:00+03:00,3345,3370,3335,3340
2019-02-08T02:00:00+03:00,3350,3730,3325,3615
2019-02-11T02:00:00+03:00,3610,3650,3580,3605
2019-02-12T02:00:00+03:00,3595,3625,3550,3605
2019-02-13T02:00:00+03:00,3575,3630,3555,3570
2019-02-14T02:00:00+03:00,3575,3595,3530,3565
2019-02-15T02:00:00+03:00,3565,3620,3545,3565
2019-02-18T02:00:00+03:00,3600,3970,3595,3935
2019-02-20T02:00:00+03:00,3915,3970,3880,3940
2019-02-21T02:00:00+03:00,3935,3985,3860,3900
2019-02-22T02:00:00+03:00,3895,3970,3885,3930
2019-02-25T02:00:00+03:00,3770,3845,3705,3820
2019-02-26T02:00:00+03:00,3805,3820,3745,3775
2019-02-27T02:00:00+03:00,3780,3815,3620,3710
2019-02-28T02:00:00+03:00,3765,3875,3745,3790
2019-03-01T02:00:00+03:00,3785,3830,3780,3820
2019-03-04T02:00:00+03:00,3780,3795,3660,3690
2019-03-05T02:00:00+03:00,3675,3865,3655,3835
2019-03-06T02:00:00+03:00,3835,3900,3810,3840
2019-03-07T02:00:00+03:00,3855,3890,3830,3870
2019-03-08T02:00:00+03:00,3905,3920,3845,3890
2019-03-11T01:00:00+03:00,3885,3915,3810,3835
2019-03-12T01:00:00+03:00,3845,3880,3790,3845
2019-03-13T01:00:00+03:00,3855,3870,3820,3845
2019-03-14T01:00:00+03:00,3840,3905,3775,3845
2019-03-15T01:00:00+03:00,3850,3910,3845,3900
2019-03-18T01:00:00+03:00,3965,4025,3935,3960
2019-03-19T01:00:00+03:00,3970,4015,3950,3995
2019-03-20T01:00:00+03:00,3990,4020,3965,4010
2019-03-21T01:00:00+03:00,4015,4060,3900,3965
2019-03-22T01:00:00+03:00,3970,3995,3955,3980
2019-03-25T01:00:00+03:00,3965,3970,3845,3895
2019-03-26T01:00:00+03:00,3885,3915,3880,3905
2019-03-27T01:00:00+03:00,3900,4030,3900,4005
2019-03-28T01:00:00+03:00,4005,4030,3990,4005
2019-03-29T01:00:00+03:00,4005,4105,4000,4075
2019-04-01T01:00:00+03:00,4090,4145,4040,4125
2019-04-02T01:00:00+03:00,4135,5095,4130,4775
2019-04-03T01:00:00+03:00,4810,5325,4810,5150
2019-04-04T01:00:00+03:00,5210,5275,4780,4840
2019-04-05T01:00:00+03:00,4935,5070,4890,5020
2019-04-08T01:00:00+03:00,5165,5370,5130,5210
2019-04-09T01:00:00+03:00,5290,5320,5150,5220
2019-04-10T01:00:00+03:00,5220,5480,5160,5415
2019-04-11T01:00:00+03:00,5300,5355,4965,5075
2019-04-12T01:00:00+03:00,5030,5125,4900,5065
2019-04-15T01:00:00+03:00,5110,5200,4945,5010
2019-04-16T01:00:00+03:00,5030,5235,5025,5200
2019-04-17T01:00:00+03:00,5215,5285,5185,5235
2019-04-18T01:00:00+03:00,5230,5325,5205,5295
2019-04-22T01:00:00+03:00,5275,5450,5255,5395
2019-04-23T01:00:00+03:00,5400,5665,5375,5590
2019-04-24T01:00:00+03:00,5585,5620,5380,5435
2019-04-25T01:00:00+03:00,5440,5520,5380,5490
2019-04-26T01:00:00+03:00,5400,5400,4930,5080
2019-04-29T01:00:00+03:00,5095,5185,5070,5140
2019-04-30T01:00:00+03:00,5140,5285,5090,5230
2019-05-01T01:00:00+03:00,5250,5350,5250,5300
2019-05-02T01:00:00+03:00,5285,5415,5280,5390
2019-05-03T01:00:00+03:00,5390,5800,5355,5670
2019-05-06T01:00:00+03:00,5735,5795,5565,5745
2019-05-07T01:00:00+03:00,5700,5985,5685,5845
2019-05-08T01:00:00+03:00,5885,5915,5640,5900
2019-05-09T01:00:00+03:00,5905,6120,5850,6065
2019-05-10T01:00:00+03:00,6125,6430,6110,6365
2019-05-13T01:00:00+03:00,7150,8030,6870,7950
2019-05-14T01:00:00+03:00,8145,8385,7630,7780
2019-05-15T01:00:00+03:00,7815,8300,7815,8225
2019-05-16T01:00:00+03:00,8185,8445,7725,7875
2019-05-17T01:00:00+03:00,7940,7990,6320,7180
2019-05-20T01:00:00+03:00,8075,8380,7620,7850
2019-05-21T01:00:00+03:00,8065,8140,7840,8050
2019-05-22T01:00:00+03:00,8030,8075,7710,7950
2019-05-23T01:00:00+03:00,7685,7895,7485,7810
2019-05-24T01:00:00+03:00,7845,8230,7815,8085
2019-05-27T01:00:00+03:00,8660,9035,8550,8705
2019-05-29T01:00:00+03:00,8810,8820,8460,8755
2019-05-30T01:00:00+03:00,8720,9180,8420,8680
2019-05-31T01:00:00+03:00,8320,8615,8145,8535
2019-06-03T01:00:00+03:00,8730,8865,8385,8640
2019-06-04T01:00:00+03:00,8560,8565,7515,7625
2019-06-05T01:00:00+03:00,7525,7970,7435,7835
2019-06-06T01:00:00+03:00,7745,7915,7460,7610
2019-06-07T01:00:00+03:00,7765,8175,7740,8010
2019-06-10T01:00:00+03:00,7675,8115,7515,8010
2019-06-11T01:00:00+03:00,7980,8085,7720,7920
2019-06-12T01:00:00+03:00,7930,8340,7830,8195
2019-06-13T01:00:00+03:00,8180,8330,8070,8285
2019-06-14T01:00:00+03:00,8365,8515,8215,8440
2019-06-17T01:00:00+03:00,9065,9495,9055,9380
2019-06-18T01:00:00+03:00,9365,9575,8985,9115
2019-06-19T01:00:00+03:00,9020,9255,8985,9210
2019-06-20T01:00:00+03:00,9320,9705,9260,9625
2019-06-21T01:00:00+03:00,9615,10060,9560,9980
2019-06-24T01:00:00+03:00,10925,11160,10615,10945
2019-06-25T01:00:00+03:00,11035,11525,11010,11380
2019-06-26T01:00:00+03:00,11885,14170,11815,14145
2019-06-27T01:00:00+03:00,12750,13570,10570,11095
2019-06-28T01:00:00+03:00,10820,12670,10820,12590
2019-07-01T01:00:00+03:00,11505,11505,10150,10375
2019-07-02T01:00:00+03:00,10685,11120,9805,10990
2019-07-03T01:00:00+03:00,10890,11765,10855,11370
2019-07-04T01:00:00+03:00,11485,12230,10910,11285
2019-07-08T01:00:00+03:00,11630,12525,11500,12445
2019-07-09T01:00:00+03:00,12530,13115,12330,12760
2019-07-10T01:00:00+03:00,12825,13480,11760,12270
2019-07-11T01:00:00+03:00,12130,12385,11045,11730
2019-07-12T01:00:00+03:00,11405,12005,11195,11730
2019-07-15T01:00:00+03:00,10945,11040,9915,10910
2019-07-16T01:00:00+03:00,10840,11155,9460,9730
2019-07-17T01:00:00+03:00,9695,10025,9095,9795
2019-07-18T01:00:00+03:00,9825,10825,9345,10550
2019-07-19T01:00:00+03:00,10635,10845,10130,10460
2019-07-22T01:00:00+03:00,10630,10720,10070,10145
2019-07-23T01:00:00+03:00,10290,10370,9860,10150
2019-07-24T01:00:00+03:00,10320,10320,9645,9770
2019-07-25T01:00:00+03:00,9925,10345,9895,9945
2019-07-26T01:00:00+03:00,9965,10055,9740,10020
2019-07-29T01:00:00+03:00,9575,9850,9195,9530
2019-07-30T01:00:00+03:00,9565,9930,9470,9735
2019-07-31T01:00:00+03:00,9725,10295,9685,10115
2019-08-01T01:00:00+03:00,10160,10665,10015,10450
2019-08-02T01:00:00+03:00,10595,10870,10490,10600
2019-08-05T01:00:00+03:00,11070,12130,11070,11910
2019-08-06T01:00:00+03:00,11925,12505,11700,11830
2019-08-07T01:00:00+03:00,11600,12330,11325,11885
2019-08-08T01:00:00+03:00,12075,12205,11600,11690
2019-08-09T01:00:00+03:00,11855,12235,11795,11945
2019-08-12T01:00:00+03:00,11675,11695,11340,11560
2019-08-13T01:00:00+03:00,11505,11570,10800,10945
2019-08-14T01:00:00+03:00,10930,10955,10070,10160
2019-08-15T01:00:00+03:00,10240,10440,9500,10130
2019-08-16T01:00:00+03:00,10400,10590,9765,10515
2019-08-19T01:00:00+03:00,10445,10890,10305,10745
2019-08-20T01:00:00+03:00,10765,11015,10590,10775
2019-08-21T01:00:00+03:00,10815,10890,9850,10115
2019-08-22T01:00:00+03:00,10040,10255,9765,10185
2019-08-23T01:00:00+03:00,10205,10535,10050,10460
2019-08-26T01:00:00+03:00,10030,10730,9970,10330
2019-08-27T01:00:00+03:00,10305,10410,10030,10165
2019-08-28T01:00:00+03:00,10295,10450,9630,9745
2019-08-29T01:00:00+03:00,9815,9830,9400,9570
2019-08-30T01:00:00+03:00,9590,9780,9420,9650
2019-09-02T01:00:00+03:00,9795,10925,9795,10800
2019-09-04T01:00:00+03:00,10840,10965,10470,10835
2019-09-05T01:00:00+03:00,10790,10810,10530,10625
2019-09-06T01:00:00+03:00,10635,11130,10230,10460
2019-09-09T01:00:00+03:00,10490,10620,10115,10370
2019-09-10T01:00:00+03:00,10360,10455,9945,10060
2019-09-11T01:00:00+03:00,10145,10345,9900,10125
2019-09-12T01:00:00+03:00,10160,10470,10085,10410
2019-09-13T01:00:00+03:00,10480,10560,10205,10265
2019-09-16T01:00:00+03:00,10335,10430,10105,10135
2019-09-17T01:00:00+03:00,10305,10405,10185,10305
2019-09-18T01:00:00+03:00,10250,10310,10120,10205
2019-09-19T01:00:00+03:00,10315,10450,9605,10155
2019-09-20T01:00:00+03:00,10155,10355,10095,10180
2019-09-23T01:00:00+03:00,10125,10125,9690,9805
2019-09-24T01:00:00+03:00,9770,9780,7995,8380
2019-09-25T01:00:00+03:00,8695,8815,8260,8405
2019-09-26T01:00:00+03:00,8640,8680,7765,8180
2019-09-27T01:00:00+03:00,8130,8180,7910,8035
2019-09-30T01:00:00+03:00,8090,8415,7710,8335
2019-10-01T01:00:00+03:00,8360,8560,8235,8325
2019-10-02T01:00:00+03:00,8330,8400,8185,8270
2019-10-03T01:00:00+03:00,8285,8435,8075,8160
2019-10-04T01:00:00+03:00,8165,8310,8020,8225
2019-10-07T01:00:00+03:00,7900,8350,7745,8255
2019-10-08T01:00:00+03:00,8260,8365,8095,8170
2019-10-09T01:00:00+03:00,8185,8780,8125,8645
2019-10-10T01:00:00+03:00,8605,8670,8445,8595
2019-10-11T01:00:00+03:00,8595,8850,8285,8355
2019-10-14T01:00:00+03:00,8255,8435,8220,8355
2019-10-15T01:00:00+03:00,8340,8435,8085,8170
2019-10-16T01:00:00+03:00,8150,8195,7900,7950
2019-10-17T01:00:00+03:00,7975,8150,7935,8060
2019-10-18T01:00:00+03:00,8065,8130,7805,7960
2019-10-21T01:00:00+03:00,8255,8380,8160,8205
2019-10-22T01:00:00+03:00,8230,8330,8065,8165
2019-10-23T01:00:00+03:00,8080,8095,7280,7505
2019-10-24T01:00:00+03:00,7445,7535,7375,7500
2019-10-25T01:00:00+03:00,7445,8885,7395,8715
2019-10-28T01:00:00+03:00,9700,10050,9330,9530
2019-10-29T01:00:00+03:00,9585,9655,9155,9315
2019-10-30T01:00:00+03:00,9540,9565,9060,9270
2019-10-31T01:00:00+03:00,9225,9510,9000,9305
2019-11-01T01:00:00+03:00,9230,9360,9120,9235
2019-11-04T02:00:00+03:00,9270,9790,9170,9565
2019-11-05T02:00:00+03:00,9480,9580,8360,9420
2019-11-06T02:00:00+03:00,9405,9515,9325,9360
2019-11-07T02:00:00+03:00,9425,9460,9125,9220
2019-11-08T02:00:00+03:00,9260,9305,8680,8845
2019-11-11T02:00:00+03:00,9100,9135,8585,8750
2019-11-12T02:00:00+03:00,8735,8915,8555,8835
2019-11-13T02:00:00+03:00,8815,8880,8730,8785
2019-11-14T02:00:00+03:00,8805,8830,8590,8675
2019-11-15T02:00:00+03:00,8680,8820,8355,8505
2019-11-18T02:00:00+03:00,8550,8565,8005,8205
2019-11-19T02:00:00+03:00,8200,8215,8005,8110
2019-11-20T02:00:00+03:00,8145,8275,8045,8110
2019-11-21T02:00:00+03:00,8110,8140,7360,7580
2019-11-22T02:00:00+03:00,7620,7735,6775,7330
2019-11-25T02:00:00+03:00,7050,7375,6510,7165
2019-11-26T02:00:00+03:00,7220,7365,7040,7125
2019-11-27T02:00:00+03:00,7170,7745,6845,7625
2019-11-28T02:00:00+03:00,7540,7930,7365,7800
2019-12-02T02:00:00+03:00,7465,7555,7195,7335
2019-12-03T02:00:00+03:00,7370,7445,7260,7340
2019-12-04T02:00:00+03:00,7335,7965,7085,7220
2019-12-05T02:00:00+03:00,7255,7525,7180,7420
2019-12-06T02:00:00+03:00,7435,7655,7335,7460
2019-12-09T02:00:00+03:00,7570,7705,7290,7320
2019-12-10T02:00:00+03:00,7345,7410,7165,7215
2019-12-11T02:00:00+03:00,7250,7290,7130,7175
2019-12-12T02:00:00+03:00,7210,7370,7070,7265
2019-12-13T02:00:00+03:00,7215,7335,7200,7265
2019-12-16T02:00:00+03:00,7120,7145,6790,6860
2019-12-17T02:00:00+03:00,6880,6940,6560,6580
2019-12-18T02:00:00+03:00,6575,7235,6420,7135
2019-12-19T02:00:00+03:00,7280,7440,7055,7165
2019-12-20T02:00:00+03:00,7160,7235,7085,7230
2019-12-23T02:00:00+03:00,7420,7715,7290,7410
2019-12-24T02:00:00+03:00,7330,7430,7215,7235
2019-12-26T02:00:00+03:00,7265,7490,7215,7300
2019-12-27T02:00:00+03:00,7245,7315,7080,7265
2019-12-30T02:00:00+03:00,7445,7480,7245,7285
2019-12-31T02:00:00+03:00,7295,7350,7160,7210
2020-01-02T02:00:00+03:00,7225,7225,6900,6940
2020-01-03T02:00:00+03:00,6960,7500,6860,7385
2020-01-06T02:00:00+03:00,7435,7685,7385,7615
2020-01-07T02:00:00+03:00,7725,8300,7725,8280
2020-01-08T02:00:00+03:00,8165,8595,7915,8110
2020-01-09T02:00:00+03:00,8120,8170,7800,7885
2020-01-10T02:00:00+03:00,7855,8220,7700,8135
2020-01-13T02:00:00+03:00,8235,8300,8100,8200
2020-01-14T02:00:00+03:00,8165,8955,8150,8750
2020-01-15T02:00:00+03:00,8810,8995,8635,8880
2020-01-16T02:00:00+03:00,8925,8955,8615,8790
2020-01-17T02:00:00+03:00,8765,9085,8720,8925
2020-01-20T02:00:00+03:00,8720,8825,8515,8750
2020-01-22T02:00:00+03:00,8775,8865,8600,8680
2020-01-23T02:00:00+03:00,8665,8705,8290,8370
2020-01-24T02:00:00+03:00,8410,8540,8235,8495
2020-01-27T02:00:00+03:00,8595,9020,8575,8995
2020-01-28T02:00:00+03:00,8935,9215,8895,9060
2020-01-29T02:00:00+03:00,9290,9605,9255,9525
2020-01-30T02:00:00+03:00,9490,9730,9325,9730
2020-01-31T02:00:00+03:00,9715,9745,9335,9440
2020-02-03T02:00:00+03:00,9495,9790,9270,9410
2020-02-04T02:00:00+03:00,9355,9440,9130,9255
2020-02-05T02:00:00+03:00,9245,9945,9225,9830
2020-02-06T02:00:00+03:00,9800,10010,9685,9895
2020-02-07T02:00:00+03:00,9805,10030,9740,9845
2020-02-10T02:00:00+03:00,10200,10360,9510,9935
2020-02-11T02:00:00+03:00,9930,10570,9790,10405
2020-02-12T02:00:00+03:00,10325,10620,10315,10525
2020-02-13T02:00:00+03:00,10505,10670,10160,10305
2020-02-14T02:00:00+03:00,10305,10635,10210,10495
2020-02-17T02:00:00+03:00,9980,10365,9505,10250
2020-02-19T02:00:00+03:00,10280,10545,9245,10225
2020-02-20T02:00:00+03:00,9735,9735,9405,9615
2020-02-21T02:00:00+03:00,9650,9830,9600,9740
2020-02-24T02:00:00+03:00,9935,10075,9480,9600
2020-02-25T02:00:00+03:00,9640,9695,9240,9320
2020-02-26T02:00:00+03:00,9510,9530,8705,8885
2020-02-27T02:00:00+03:00,8800,9055,8575,8945
2020-02-28T02:00:00+03:00,8855,8965,8480,8700
2020-03-02T02:00:00+03:00,8645,9030,8540,8975
2020-03-03T02:00:00+03:00,8990,8995,8740,8770
2020-03-04T02:00:00+03:00,8830,8910,8700,8760
2020-03-05T02:00:00+03:00,8805,9250,8795,9195
2020-03-06T02:00:00+03:00,9140,9250,9060,9165
2020-03-09T01:00:00+03:00,8265,8280,7640,7850
2020-03-10T01:00:00+03:00,7835,8175,7755,7995
2020-03-11T01:00:00+03:00,7990,8025,7610,7855
2020-03-12T01:00:00+03:00,7840,8000,5595,6010
2020-03-13T01:00:00+03:00,5775,5935,4210,5330
2020-03-16T01:00:00+03:00,5850,5850,4390,4930
2020-03-17T01:00:00+03:00,4975,5525,4835,5380
2020-03-18T01:00:00+03:00,5440,5475,4990,5340
2020-03-19T01:00:00+03:00,5380,6410,5275,6240
2020-03-20T01:00:00+03:00,6275,6950,5665,6210
2020-03-23T01:00:00+03:00,6060,6650,5685,6300
2020-03-24T01:00:00+03:00,6450,6885,6395,6725
2020-03-25T01:00:00+03:00,6770,7045,6500,6660
2020-03-26T01:00:00+03:00,6620,6845,6560,6695
2020-03-27T01:00:00+03:00,6760,6915,6615,6680
2020-03-30T01:00:00+03:00,6045,6535,5835,6380
2020-03-31T01:00:00+03:00,6505,6660,6340,6475
2020-04-01T01:00:00+03:00,6455,6465,6155,6210
2020-04-02T01:00:00+03:00,6400,7345,6380,6865
2020-04-03T01:00:00+03:00,6890,7100,6625,6800
2020-04-06T01:00:00+03:00,6820,7375,6785,7330
2020-04-07T01:00:00+03:00,7350,7515,7105,7330
2020-04-08T01:00:00+03:00,7195,7475,7160,7335
2020-04-09T01:00:00+03:00,7335,7415,7090,7290
2020-04-13T01:00:00+03:00,7160,7160,6555,6810
2020-04-14T01:00:00+03:00,6855,7010,6785,6950
2020-04-15T01:00:00+03:00,6895,6950,6685,6740
2020-04-16T01:00:00+03:00,6735,7205,6465,7105
2020-04-17T01:00:00+03:00,7105,7235,7010,7080
2020-04-20T01:00:00+03:00,7200,7255,6765,6795
2020-04-21T01:00:00+03:00,6875,6960,6780,6890
2020-04-22T01:00:00+03:00,6855,7220,6840,7155
2020-04-23T01:00:00+03:00,7150,7870,7085,7625
2020-04-24T01:00:00+03:00,7690,7710,7465,7595
2020-04-27T01:00:00+03:00,7665,7905,7645,7780
2020-04-28T01:00:00+03:00,7845,7875,7735,7780
2020-04-29T01:00:00+03:00,7800,9065,7780,8825
2020-04-30T01:00:00+03:00,8940,9560,8480,8930
2020-05-01T01:00:00+03:00,8850,9145,8655,8840
2020-05-04T01:00:00+03:00,8965,9060,8600,8935
2020-05-05T01:00:00+03:00,9055,9225,8835,8985
2020-05-06T01:00:00+03:00,9035,9515,8980,9340
2020-05-07T01:00:00+03:00,9370,10115,9105,10010
2020-05-08T01:00:00+03:00,10010,10220,9820,10030
2020-05-11T01:00:00+03:00,8820,9275,8220,8795
2020-05-12T01:00:00+03:00,8680,9050,8560,8870
2020-05-13T01:00:00+03:00,8845,9430,8830,9270
2020-05-14T01:00:00+03:00,9400,10070,9355,9725
2020-05-15T01:00:00+03:00,9855,9930,9170,9395
2020-05-18T01:00:00+03:00,9795,10035,9515,9745
2020-05-19T01:00:00+03:00,9745,9955,9505,9680
2020-05-20T01:00:00+03:00,9755,9895,9330,9570
2020-05-21T01:00:00+03:00,9585,9610,8815,9075
2020-05-22T01:00:00+03:00,9185,9285,8945,9175
2020-05-25T01:00:00+03:00,9050,9065,8630,8785
2020-05-27T01:00:00+03:00,8915,9335,8870,9250
2020-05-28T01:00:00+03:00,9145,9645,9130,9560
2020-05-29T01:00:00+03:00,9535,9720,9400,9470
2020-06-01T01:00:00+03:00,9530,9775,9465,9650
2020-06-02T01:00:00+03:00,9745,10565,9335,9580
2020-06-03T01:00:00+03:00,9580,9730,9465,9655
2020-06-04T01:00:00+03:00,9665,9985,9535,9895
2020-06-05T01:00:00+03:00,9865,9950,9675,9800
2020-06-08T01:00:00+03:00,9810,9900,9720,9780
2020-06-09T01:00:00+03:00,9630,9985,9620,9805
2020-06-10T01:00:00+03:00,9905,10130,9720,9935
2020-06-11T01:00:00+03:00,9945,10060,9090,9300
2020-06-12T01:00:00+03:00,9380,9610,9265,9465
2020-06-15T01:00:00+03:00,9370,9525,8930,9440
2020-06-16T01:00:00+03:00,9475,9630,9415,9530
2020-06-17T01:00:00+03:00,9540,9600,9255,9325
2020-06-18T01:00:00+03:00,9425,9515,9320,9410
2020-06-19T01:00:00+03:00,9385,9465,9245,9315
2020-06-22T01:00:00+03:00,9350,9700,9280,9585
2020-06-23T01:00:00+03:00,9725,9755,9600,9660
2020-06-24T01:00:00+03:00,9755,9770,9265,9375
2020-06-25T01:00:00+03:00,9345,9390,9090,9340
2020-06-26T01:00:00+03:00,9440,9440,9070,9220
2020-06-29T01:00:00+03:00,9175,9240,9050,9200
2020-06-30T01:00:00+03:00,9255,9295,9100,9185
2020-07-01T01:00:00+03:00,9200,9390,9140,9325
2020-07-02T01:00:00+03:00,9280,9335,8950,9060
2020-07-03T01:00:00+03:00,9100,9435,9060,9355
2020-07-07T01:00:00+03:00,9350,9455,9250,9290
2020-07-08T01:00:00+03:00,9310,9570,9285,9510
2020-07-09T01:00:00+03:00,9505,9545,9190,9255
2020-07-10T01:00:00+03:00,9275,9285,9145,9275
2020-07-13T01:00:00+03:00,9290,9410,9240,9270
2020-07-14T01:00:00+03:00,9275,9320,9135,9310
2020-07-15T01:00:00+03:00,9295,9320,9165,9190
2020-07-16T01:00:00+03:00,9240,9265,9040,9145
2020-07-17T01:00:00+03:00,9130,9220,9095,9195
2020-07-20T01:00:00+03:00,9200,9280,9155,9190
2020-07-21T01:00:00+03:00,9205,9480,9175,9395
2020-07-22T01:00:00+03:00,9415,9435,9295,9425
2020-07-23T01:00:00+03:00,9425,9735,9425,9650
2020-07-24T01:00:00+03:00,9665,9665,9505,9615
2020-07-27T01:00:00+03:00,9925,11055,9925,10895
2020-07-28T01:00:00+03:00,11080,11540,10635,11035
2020-07-29T01:00:00+03:00,11230,11555,11060,11425
2020-07-30T01:00:00+03:00,11525,11580,11025,11370
2020-07-31T01:00:00+03:00,11330,11775,11205,11610
2020-08-03T01:00:00+03:00,11350,11720,11180,11620
2020-08-04T01:00:00+03:00,11560,11600,11125,11370
2020-08-05T01:00:00+03:00,11385,11975,11190,11850
2020-08-06T01:00:00+03:00,11930,12085,11705,12040
2020-08-07T01:00:00+03:00,11990,12085,11395,11575
2020-08-10T01:00:00+03:00,11800,12220,11645,12015
2020-08-11T01:00:00+03:00,12005,12090,11190,11435
2020-08-12T01:00:00+03:00,11340,11745,11220,11665
2020-08-13T01:00:00+03:00,11600,11760,11340,11590
2020-08-14T01:00:00+03:00,11765,12000,11740,11935
2020-08-17T01:00:00+03:00,11950,12635,11905,12485
2020-08-18T01:00:00+03:00,12470,12555,11850,12035
2020-08-19T01:00:00+03:00,12100,12150,11580,11690
2020-08-20T01:00:00+03:00,11740,11950,11710,11895
2020-08-21T01:00:00+03:00,12125,12125,11600,11695
2020-08-24T01:00:00+03:00,11695,11865,11595,11770
2020-08-25T01:00:00+03:00,11765,11810,11115,11310
2020-08-26T01:00:00+03:00,11415,11715,11395,11630
2020-08-27T01:00:00+03:00,11620,11740,11205,11340
2020-08-28T01:00:00+03:00,11420,11700,11370,11630
2020-08-31T01:00:00+03:00,11735,11915,11705,11835
2020-09-01T01:00:00+03:00,11755,12200,11625,12075
2020-09-02T01:00:00+03:00,12135,12175,11165,11460
2020-09-03T01:00:00+03:00,11440,11530,10460,10720
2020-09-04T01:00:00+03:00,10780,10785,9905,10620
2020-09-07T01:00:00+03:00,10425,10475,9890,10015
2020-09-09T01:00:00+03:00,10060,10385,9850,10320
2020-09-10T01:00:00+03:00,10285,10565,10215,10315
2020-09-11T01:00:00+03:00,10370,10420,10215,10340
2020-09-14T01:00:00+03:00,10315,10805,10270,10705
2020-09-15T01:00:00+03:00,10750,10975,10645,10815
2020-09-16T01:00:00+03:00,10890,11150,10690,11015
2020-09-17T01:00:00+03:00,11045,11075,10755,10950
2020-09-18T01:00:00+03:00,10975,11075,10815,10880
2020-09-21T01:00:00+03:00,10885,11005,10265,10485
2020-09-22T01:00:00+03:00,10485,10525,10350,10495
2020-09-23T01:00:00+03:00,10590,10620,10210,10345
2020-09-24T01:00:00+03:00,10330,10815,10260,10725
2020-09-25T01:00:00+03:00,10730,10895,10605,10825
2020-09-28T01:00:00+03:00,10800,11080,10795,10960
2020-09-29T01:00:00+03:00,10970,10990,10680,10815
2020-09-30T01:00:00+03:00,10850,10940,10725,10770
2020-10-01T01:00:00+03:00,10835,11060,10430,10645
2020-10-02T01:00:00+03:00,10615,10705,10410,10550
2020-10-05T01:00:00+03:00,10700,10865,10670,10815
2020-10-06T01:00:00+03:00,10815,10890,10565,10630
2020-10-07T01:00:00+03:00,10600,10760,10595,10720
2020-10-08T01:00:00+03:00,10735,11065,10580,10955
2020-10-09T01:00:00+03:00,10950,11205,10910,11110
2020-10-12T01:00:00+03:00,11360,11700,11280,11630
2020-10-13T01:00:00+03:00,11760,11805,11355,11440
2020-10-14T01:00:00+03:00,11500,11630,11340,11410
2020-10-15T01:00:00+03:00,11440,11695,11315,11595
2020-10-16T01:00:00+03:00,11610,11610,11225,11360
2020-10-19T01:00:00+03:00,11505,11910,11470,11755
2020-10-20T01:00:00+03:00,11795,12110,11740,11970
2020-10-21T01:00:00+03:00,11995,13005,11960,12755
2020-10-22T01:00:00+03:00,12965,13285,12725,13155
2020-10-23T01:00:00+03:00,13220,13260,12775,12970
2020-10-26T01:00:00+03:00,13100,13300,12805,13045
2020-10-27T01:00:00+03:00,13050,13780,13025,13685
2020-10-28T01:00:00+03:00,13890,14080,13035,13380
2020-10-29T01:00:00+03:00,13390,13905,13180,13780
2020-10-30T01:00:00+03:00,13740,13895,13315,13735
2020-11-02T02:00:00+03:00,13955,14065,13370,13790
2020-11-03T02:00:00+03:00,13730,13950,13390,13845
2020-11-04T02:00:00+03:00,13925,14420,13635,14200
2020-11-05T02:00:00+03:00,14165,15505,14165,15260
2020-11-06T02:00:00+03:00,15685,16155,15350,15630
2020-11-09T02:00:00+03:00,15665,16005,14880,15450
2020-11-10T02:00:00+03:00,15435,15595,15130,15355
2020-11-11T02:00:00+03:00,15450,16090,15350,15805
2020-11-12T02:00:00+03:00,16000,16300,15520,16240
2020-11-13T02:00:00+03:00,16350,16585,16025,16270
2020-11-16T02:00:00+03:00,16035,16935,15915,16895
2020-11-17T02:00:00+03:00,16795,17930,16620,17730
2020-11-18T02:00:00+03:00,17675,18540,17235,17685
2020-11-19T02:00:00+03:00,17905,18260,17375,18095
2020-11-20T02:00:00+03:00,17910,18880,17740,18685
2020-11-23T02:00:00+03:00,18625,18850,18040,18410
2020-11-24T02:00:00+03:00,18650,19770,18300,19375
2020-11-25T02:00:00+03:00,19415,19865,18890,19175
2020-11-26T02:00:00+03:00,19090,19175,16520,16925
2020-11-30T02:00:00+03:00,18275,20260,18275,19730
2020-12-01T02:00:00+03:00,19800,20360,18300,19275
2020-12-02T02:00:00+03:00,19155,19585,18560,19295
2020-12-03T02:00:00+03:00,19340,19880,19070,19565
2020-12-04T02:00:00+03:00,19680,19750,18830,19100
2020-12-07T02:00:00+03:00,19205,19615,19020,19170
2020-12-08T02:00:00+03:00,19215,19475,18695,18825
2020-12-09T02:00:00+03:00,18685,18685,17705,18420
2020-12-10T02:00:00+03:00,18630,18750,17940,18440
2020-12-11T02:00:00+03:00,18415,18460,17575,18020
2020-12-14T02:00:00+03:00,19155,19430,19080,19270
2020-12-15T02:00:00+03:00,19340,19675,19120,19560
2020-12-16T02:00:00+03:00,19505,21430,19340,20930
2020-12-17T02:00:00+03:00,21460,23915,21320,22870
2020-12-18T02:00:00+03:00,23050,23415,22435,22860
2020-12-21T02:00:00+03:00,23605,24210,21950,22880
2020-12-22T02:00:00+03:00,23565,24100,22755,23805
2020-12-23T02:00:00+03:00,24170,24605,23165,23745
2020-12-24T02:00:00+03:00,23550,23795,22960,23685
2020-12-28T02:00:00+03:00,26650,27900,26535,27110
2020-12-29T02:00:00+03:00,26955,27450,26080,27210
2020-12-30T02:00:00+03:00,27315,29370,27235,29155
2020-12-31T02:00:00+03:00,29075,29700,28230,29385
2021-01-04T02:00:00+03:00,33405,34170,28440,31550
2021-01-05T02:00:00+03:00,31655,34680,30250,34515
2021-01-06T02:00:00+03:00,34655,37035,33780,36565
2021-01-07T02:00:00+03:00,36445,41000,36445,39625
2021-01-08T02:00:00+03:00,40275,42730,37000,39520
2021-01-11T02:00:00+03:00,38925,39165,31105,33780
2021-01-12T02:00:00+03:00,34840,37050,32780,34500
2021-01-13T02:00:00+03:00,34055,37580,32610,36375
2021-01-14T02:00:00+03:00,37500,40365,36915,39605
2021-01-15T02:00:00+03:00,39205,39980,34555,35625
2021-01-18T02:00:00+03:00,36250,38155,34890,36595
2021-01-20T02:00:00+03:00,36700,36845,33435,35035
2021-01-21T02:00:00+03:00,35200,35740,30930,31920
2021-01-22T02:00:00+03:00,30825,33860,28900,33580
2021-01-25T02:00:00+03:00,32300,34930,32035,33440
2021-01-26T02:00:00+03:00,32665,32845,30800,31950
2021-01-27T02:00:00+03:00,32655,32925,29075,31475
2021-01-28T02:00:00+03:00,30865,33460,29940,32790
2021-01-29T02:00:00+03:00,33600,39100,32130,34855
2021-02-01T02:00:00+03:00,33315,35005,32530,34000
2021-02-02T02:00:00+03:00,33680,36370,33605,36170
2021-02-03T02:00:00+03:00,36015,37790,35740,37390
2021-02-04T02:00:00+03:00,37660,39200,36435,37915
2021-02-05T02:00:00+03:00,37700,38755,36895,38015
2021-02-08T02:00:00+03:00,39025,45500,38305,44755
2021-02-09T02:00:00+03:00,45210,48885,45175,47765
2021-02-10T02:00:00+03:00,47500,48060,43950,44915
2021-02-11T02:00:00+03:00,45615,49215,44345,47525
2021-02-12T02:00:00+03:00,48000,49500,46500,48040
2021-02-15T02:00:00+03:00,49415,51065,45950,48925
2021-02-17T02:00:00+03:00,49300,53210,49115,52785
2021-02-18T02:00:00+03:00,52680,53080,51250,52340
2021-02-19T02:00:00+03:00,52035,56575,50695,55530
2021-02-22T02:00:00+03:00,57450,57790,48320,53720
2021-02-23T02:00:00+03:00,54515,54515,44900,47660
2021-02-24T02:00:00+03:00,48450,51310,47010,49135
2021-02-25T02:00:00+03:00,49900,52875,47800,49415
2021-02-26T02:00:00+03:00,48320,48990,44555,46325
2021-03-01T02:00:00+03:00,45500,49985,45150,48870
2021-03-02T02:00:00+03:00,49425,50550,47245,47820
2021-03-03T02:00:00+03:00,48035,53000,47955,50900
2021-03-04T02:00:00+03:00,50970,52190,47425,48310
2021-03-05T02:00:00+03:00,48125,49745,46295,49555
2021-03-08T02:00:00+03:00,50580,52425,49500,52145
2021-03-09T02:00:00+03:00,51995,55265,51895,54720
2021-03-10T02:00:00+03:00,54530,57815,53430,56620
2021-03-11T02:00:00+03:00,56980,58390,54685,57955
2021-03-12T02:00:00+03:00,58365,58725,55380,57075
2021-03-15T01:00:00+03:00,58755,61255,54915,56900
2021-03-16T01:00:00+03:00,57005,57175,53475,55910
2021-03-17T01:00:00+03:00,56695,58490,54285,57980
2021-03-18T01:00:00+03:00,58500,60280,57090,57365
2021-03-19T01:00:00+03:00,57950,59575,56315,58975
2021-03-22T01:00:00+03:00,58195,58460,54105,55605
2021-03-23T01:00:00+03:00,54665,55895,52915,54985
2021-03-24T01:00:00+03:00,54580,57225,53135,54645
2021-03-25T01:00:00+03:00,54015,54015,50595,52405
2021-03-26T01:00:00+03:00,52545,54450,51435,54060
2021-03-29T01:00:00+03:00,55360,59000,55110,58210
2021-03-30T01:00:00+03:00,57940,60065,57585,59705
2021-03-31T01:00:00+03:00,59360,60540,57380,59285
2021-04-01T01:00:00+03:00,59580,60345,58595,59615
2021-04-05T01:00:00+03:00,58550,60100,57155,59840
2021-04-06T01:00:00+03:00,59415,60350,57750,58735
2021-04-07T01:00:00+03:00,58300,59080,55675,56310
2021-04-08T01:00:00+03:00,56310,58655,55910,58155
2021-04-09T01:00:00+03:00,58010,59405,58000,58760
2021-04-12T01:00:00+03:00,60000,61945,59915,60545
2021-04-13T01:00:00+03:00,60500,64450,60300,63685
2021-04-14T01:00:00+03:00,63885,65520,61565,62400
2021-04-15T01:00:00+03:00,62795,64030,62375,63840
2021-04-16T01:00:00+03:00,63765,64000,60165,61980
2021-04-19T01:00:00+03:00,57120,57750,54450,56045
2021-04-20T01:00:00+03:00,56335,57155,53430,56715
2021-04-21T01:00:00+03:00,56900,57160,54325,55610
2021-04-22T01:00:00+03:00,54825,55645,51365,52860
2021-04-23T01:00:00+03:00,51505,52150,47395,50845
2021-04-26T01:00:00+03:00,47440,54410,47440,54070
2021-04-27T01:00:00+03:00,53370,55420,52925,54790
2021-04-28T01:00:00+03:00,55265,56500,53905,55410
2021-04-29T01:00:00+03:00,54810,55420,52475,53010
2021-04-30T01:00:00+03:00,53500,57535,53175,57315
2021-05-03T01:00:00+03:00,56985,59305,56380,57765
2021-05-04T01:00:00+03:00,57390,57755,53220,54515
2021-05-05T01:00:00+03:00,54365,58110,52830,57295
2021-05-06T01:00:00+03:00,56950,58600,55255,56180
2021-05-07T01:00:00+03:00,56350,58845,55340,57760
2021-05-10T01:00:00+03:00,58200,59900,53595,55705
2021-05-11T01:00:00+03:00,55690,57075,54375,56805
2021-05-12T01:00:00+03:00,56735,58140,53355,54445
2021-05-13T01:00:00+03:00,54545,54605,46395,48365
2021-05-14T01:00:00+03:00,49215,51475,48370,50190
2021-05-17T01:00:00+03:00,45295,46620,42050,44060
2021-05-18T01:00:00+03:00,43500,45755,42280,43150
2021-05-19T01:00:00+03:00,42915,43530,30205,39340
2021-05-20T01:00:00+03:00,38925,42420,34950,40320
2021-05-21T01:00:00+03:00,40720,42370,35135,36085
2021-05-24T01:00:00+03:00,34280,39950,33720,39750
2021-05-25T01:00:00+03:00,38540,39885,36555,37330
2021-05-26T01:00:00+03:00,38055,40895,37875,38545
2021-05-27T01:00:00+03:00,39220,40565,37410,38865
2021-05-28T01:00:00+03:00,39040,39200,35150,35825
2021-05-31T01:00:00+03:00,35905,37985,34250,35990
2021-06-02T01:00:00+03:00,36205,38340,35940,38040
2021-06-03T01:00:00+03:00,37835,39560,37255,38715
2021-06-04T01:00:00+03:00,38840,39330,35590,36955
2021-06-07T01:00:00+03:00,36205,37015,34000,35645
2021-06-08T01:00:00+03:00,34130,34295,30915,32910
2021-06-09T01:00:00+03:00,33485,36945,32420,36375
2021-06-10T01:00:00+03:00,36610,38460,35815,36690
2021-06-11T01:00:00+03:00,36725,37700,35955,37325
2021-06-14T01:00:00+03:00,38900,41070,38705,39710
2021-06-15T01:00:00+03:00,40250,41335,39565,39995
2021-06-16T01:00:00+03:00,40025,40480,38270,38565
2021-06-17T01:00:00+03:00,38550,39535,37315,37665
2021-06-18T01:00:00+03:00,37695,38175,35100,35285
2021-06-21T01:00:00+03:00,35555,35790,31715,32560
2021-06-22T01:00:00+03:00,31700,33310,28800,32480
2021-06-23T01:00:00+03:00,32560,34835,31780,32900
2021-06-24T01:00:00+03:00,33460,35405,32490,34965
2021-06-25T01:00:00+03:00,34925,35635,31480,32200
2021-06-28T01:00:00+03:00,32775,35325,32750,34525
2021-06-29T01:00:00+03:00,34680,36650,34200,36430
2021-06-30T01:00:00+03:00,36215,36215,34020,34725
2021-07-01T01:00:00+03:00,34765,35185,32695,33030
2021-07-02T01:00:00+03:00,33460,33995,32620,33285
2021-07-05T01:00:00+03:00,35800,35955,33315,33975
2021-07-07T01:00:00+03:00,33800,35140,33675,34700
2021-07-08T01:00:00+03:00,34200,34300,32040,32960
2021-07-09T01:00:00+03:00,32680,33740,32295,33455
2021-07-12T01:00:00+03:00,34430,34830,32600,32760
2021-07-13T01:00:00+03:00,32830,33330,32150,32215
2021-07-14T01:00:00+03:00,32535,33195,31515,32740
2021-07-15T01:00:00+03:00,32930,33180,30970,31410
2021-07-16T01:00:00+03:00,31700,32205,30960,31925
2021-07-19T01:00:00+03:00,31760,31860,30280,30690
2021-07-20T01:00:00+03:00,30680,31015,29215,29715
2021-07-21T01:00:00+03:00,29625,32830,29435,31620
2021-07-22T01:00:00+03:00,31920,32590,31680,32415
2021-07-23T01:00:00+03:00,32180,32930,31980,32270
2021-07-26T01:00:00+03:00,34475,40580,34420,39480
2021-07-27T01:00:00+03:00,37090,38795,36425,37890
2021-07-28T01:00:00+03:00,38340,40940,38150,40370
2021-07-29T01:00:00+03:00,40245,40795,39450,39760
2021-07-30T01:00:00+03:00,39695,41950,38405,39955
2021-08-02T01:00:00+03:00,41185,41500,38715,39180
2021-08-03T01:00:00+03:00,39180,39830,37580,37965
2021-08-04T01:00:00+03:00,38265,39945,37465,39840
2021-08-05T01:00:00+03:00,39940,41480,37300,40755
2021-08-06T01:00:00+03:00,41095,43430,39910,42970
2021-08-09T01:00:00+03:00,44255,46520,42890,46045
2021-08-10T01:00:00+03:00,45760,46800,44650,45495
2021-08-11T01:00:00+03:00,45755,46835,45250,46455
2021-08-12T01:00:00+03:00,46315,46315,43780,44360
2021-08-13T01:00:00+03:00,44310,48005,43830,46505
2021-08-16T01:00:00+03:00,46905,48100,45670,46095
2021-08-17T01:00:00+03:00,46000,47205,44570,45520
2021-08-18T01:00:00+03:00,44795,46105,44155,44855
2021-08-19T01:00:00+03:00,44530,46895,43900,46700
2021-08-20T01:00:00+03:00,46545,49185,46370,48730
2021-08-23T01:00:00+03:00,48815,50585,48640,49280
2021-08-24T01:00:00+03:00,49520,49885,47735,48210
2021-08-25T01:00:00+03:00,48205,49135,47065,48705
2021-08-26T01:00:00+03:00,49330,49460,46310,46955
2021-08-27T01:00:00+03:00,47210,49250,46350,48455
2021-08-30T01:00:00+03:00,49070,49510,47460,48765
2021-08-31T01:00:00+03:00,48610,48610,46695,47390
2021-09-01T01:00:00+03:00,46940,49270,46530,48320
2021-09-02T01:00:00+03:00,48600,50570,48400,49375
2021-09-03T01:00:00+03:00,49900,51260,48445,50710
2021-09-06T01:00:00+03:00,51755,53125,43705,46780
2021-09-08T01:00:00+03:00,46590,47440,44500,46520
2021-09-09T01:00:00+03:00,46250,47465,45545,46645
2021-09-10T01:00:00+03:00,46545,47065,44750,45675
2021-09-13T01:00:00+03:00,45240,46945,43310,44815
2021-09-14T01:00:00+03:00,45215,47025,44705,46515
2021-09-15T01:00:00+03:00,46700,48510,46635,48190
2021-09-16T01:00:00+03:00,48270,48600,47050,47495
2021-09-17T01:00:00+03:00,47600,48225,46670,47490
2021-09-20T01:00:00+03:00,47415,47620,42365,43780
2021-09-21T01:00:00+03:00,43410,43870,40085,42030
2021-09-22T01:00:00+03:00,41330,44025,40145,43385
2021-09-23T01:00:00+03:00,43485,45100,43270,44925
2021-09-24T01:00:00+03:00,44850,45385,40810,42520
2021-09-27T01:00:00+03:00,43635,44580,42770,43150
2021-09-28T01:00:00+03:00,43215,43555,41145,41600
2021-09-29T01:00:00+03:00,41890,42735,40785,41155
2021-09-30T01:00:00+03:00,41240,44175,41040,43615
2021-10-01T01:00:00+03:00,43735,48705,43330,48390
2021-10-04T01:00:00+03:00,48070,50000,47180,49855
2021-10-05T01:00:00+03:00,49310,52165,49100,51630
2021-10-06T01:00:00+03:00,52165,55935,50855,55700
2021-10-07T01:00:00+03:00,55580,56325,53855,54470
2021-10-08T01:00:00+03:00,54925,56815,54155,55180
2021-10-11T01:00:00+03:00,55330,58355,54820,57990
2021-10-12T01:00:00+03:00,57700,58215,54370,55815
2021-10-13T01:00:00+03:00,56350,57950,54700,57750
2021-10-14T01:00:00+03:00,57700,59025,57190,58195
2021-10-15T01:00:00+03:00,58150,63525,57250,62075
2021-10-18T01:00:00+03:00,61120,63230,60100,61650
2021-10-19T01:00:00+03:00,61905,64780,61730,64660
2021-10-20T01:00:00+03:00,64490,67680,63830,66665
2021-10-21T01:00:00+03:00,66160,66960,62140,62910
2021-10-22T01:00:00+03:00,62890,63950,60210,61080
2021-10-25T01:00:00+03:00,61080,63865,60820,62725
2021-10-26T01:00:00+03:00,62855,63345,61810,61975
2021-10-27T01:00:00+03:00,61255,61450,57855,59065
2021-10-28T01:00:00+03:00,59025,62840,58310,61780
2021-10-29T01:00:00+03:00,61595,63575,60650,63010
2021-11-01T01:00:00+03:00,61995,62850,59700,61615
2021-11-02T01:00:00+03:00,61010,64665,60900,64015
2021-11-03T01:00:00+03:00,63580,63965,60945,63065
2021-11-04T01:00:00+03:00,63450,63475,60860,61360
2021-11-05T01:00:00+03:00,61435,62865,60905,61380
2021-11-08T02:00:00+03:00,62910,67035,62905,66485
2021-11-09T02:00:00+03:00,66715,69000,66480,67625
2021-11-10T02:00:00+03:00,67670,69355,63020,66075
2021-11-11T02:00:00+03:00,65210,65895,64340,65055
2021-11-12T02:00:00+03:00,65400,65720,62385,64235
2021-11-15T02:00:00+03:00,64625,66555,63415,63910
2021-11-16T02:00:00+03:00,63955,64025,58515,59730
2021-11-17T02:00:00+03:00,60700,60890,58475,60485
2021-11-18T02:00:00+03:00,59980,61035,56600,58015
2021-11-19T02:00:00+03:00,56450,58410,55600,57900
2021-11-22T02:00:00+03:00,59100,59645,55585,55815
2021-11-23T02:00:00+03:00,56575,57940,55375,57855
2021-11-24T02:00:00+03:00,58160,58270,56285,57815
2021-11-25T02:00:00+03:00,57395,59910,53600,54430
2021-11-29T02:00:00+03:00,56290,59285,56290,58470
2021-11-30T02:00:00+03:00,58530,59680,56145,57780
2021-12-01T02:00:00+03:00,57660,59545,56650,56990
2021-12-02T02:00:00+03:00,57305,57705,55990,57175
2021-12-03T02:00:00+03:00,57030,57945,51585,53545
2021-12-06T02:00:00+03:00,49265,50730,47215,48960
2021-12-07T02:00:00+03:00,50745,52195,50360,50600
2021-12-08T02:00:00+03:00,50600,51370,48645,50925
2021-12-09T02:00:00+03:00,50400,50940,47345,47675
2021-12-10T02:00:00+03:00,47940,50265,47325,48490
2021-12-13T02:00:00+03:00,50205,50480,45700,46595
2021-12-14T02:00:00+03:00,46950,48700,46295,47870
2021-12-15T02:00:00+03:00,48350,49605,46570,49350
2021-12-16T02:00:00+03:00,48940,49500,47595,48010
2021-12-17T02:00:00+03:00,47870,48010,45415,46250
2021-12-20T02:00:00+03:00,47280,47555,45515,47060
2021-12-21T02:00:00+03:00,46835,49390,46710,48685
2021-12-22T02:00:00+03:00,49280,49635,48500,49045
2021-12-23T02:00:00+03:00,49085,51470,48035,51060
2021-12-27T02:00:00+03:00,51040,52200,50520,51275
2021-12-28T02:00:00+03:00,51025,51045,47300,47755
2021-12-29T02:00:00+03:00,47585,48095,46550,47370
2021-12-30T02:00:00+03:00,47300,47940,45955,47210
2021-12-31T02:00:00+03:00,47220,48690,45695,45815
2022-01-03T02:00:00+03:00,47120,47660,45680,45865
2022-01-04T02:00:00+03:00,46205,47650,45485,46305
2022-01-05T02:00:00+03:00,46100,47100,43290,43830
2022-01-06T02:00:00+03:00,43405,43720,42375,43215
2022-01-07T02:00:00+03:00,43170,43240,40470,41870
2022-01-10T02:00:00+03:00,42205,42245,39470,41745
2022-01-11T02:00:00+03:00,41595,43155,41220,42805
2022-01-12T02:00:00+03:00,42695,44310,42455,43825
2022-01-13T02:00:00+03:00,43880,44450,42280,42675
2022-01-14T02:00:00+03:00,42620,43445,41680,43120
2022-01-17T02:00:00+03:00,43270,43315,41175,41665
2022-01-19T02:00:00+03:00,42430,42615,41080,41575
2022-01-20T02:00:00+03:00,41940,43545,41260,42675
2022-01-21T02:00:00+03:00,41125,41135,36150,38180
2022-01-24T02:00:00+03:00,35555,37600,32855,37220
2022-01-25T02:00:00+03:00,36490,37550,35725,36855
2022-01-26T02:00:00+03:00,36765,38895,36330,37060
2022-01-27T02:00:00+03:00,36535,37200,35455,35555
2022-01-28T02:00:00+03:00,36615,38015,36100,37790
2022-01-31T02:00:00+03:00,37845,38790,36620,38485
2022-02-01T02:00:00+03:00,38450,39275,38055,38585
2022-02-02T02:00:00+03:00,38685,38900,36515,37535
2022-02-03T02:00:00+03:00,36970,37100,36235,36265
2022-02-04T02:00:00+03:00,36930,40935,36895,40640
2022-02-07T02:00:00+03:00,41420,44615,41420,44235
2022-02-08T02:00:00+03:00,44110,45605,42780,44340
2022-02-09T02:00:00+03:00,44235,44900,43210,44855
2022-02-10T02:00:00+03:00,44640,45905,43270,44180
2022-02-11T02:00:00+03:00,43950,44145,42075,42390
2022-02-14T02:00:00+03:00,42470,42930,41560,42205
2022-02-15T02:00:00+03:00,42665,44620,42495,44215
2022-02-16T02:00:00+03:00,44210,44860,43350,44175
2022-02-17T02:00:00+03:00,44075,44275,40090,40900
2022-02-18T02:00:00+03:00,40675,41000,39485,39945
2022-02-21T02:00:00+03:00,38860,39460,36340,37915
2022-02-23T02:00:00+03:00,37890,39235,37365,37660
2022-02-24T02:00:00+03:00,37630,39780,34300,38370
2022-02-25T02:00:00+03:00,38055,39700,37865,39115
2022-02-28T02:00:00+03:00,37860,42055,37205,42000
2022-03-01T02:00:00+03:00,43100,45110,42930,44240
2022-03-02T02:00:00+03:00,44205,45455,43420,43925
2022-03-03T02:00:00+03:00,44205,44325,41870,42080
2022-03-04T02:00:00+03:00,42495,42640,39090,39545
2022-03-07T02:00:00+03:00,39060,39540,37180,37540
2022-03-08T02:00:00+03:00,38110,39410,37895,38505
2022-03-09T02:00:00+03:00,38540,42715,38540,41920
2022-03-10T02:00:00+03:00,42055,42245,38555,39630
2022-03-11T02:00:00+03:00,39530,40260,38240,38325
2022-03-14T01:00:00+03:00,38725,39340,37495,38830
2022-03-15T01:00:00+03:00,38725,39935,38085,39760
2022-03-16T01:00:00+03:00,39725,41765,38810,40920
2022-03-17T01:00:00+03:00,41200,41520,40570,40885
2022-03-18T01:00:00+03:00,41050,42360,40180,42095
2022-03-21T01:00:00+03:00,41445,41595,40555,41220
2022-03-22T01:00:00+03:00,41335,43490,40885,42390
2022-03-23T01:00:00+03:00,42880,42985,41815,42250
2022-03-24T01:00:00+03:00,42515,44525,42445,44165
2022-03-25T01:00:00+03:00,44200,45400,43805,44655
2022-03-28T01:00:00+03:00,46740,48475,46550,48190
2022-03-29T01:00:00+03:00,47970,48390,47235,47930
2022-03-30T01:00:00+03:00,47430,48000,46715,47240
2022-03-31T01:00:00+03:00,47220,47875,45620,45735
2022-04-01T01:00:00+03:00,45865,46910,44345,46550
2022-04-04T01:00:00+03:00,47225,47610,45205,46085
2022-04-05T01:00:00+03:00,46600,47445,45550,46140
2022-04-06T01:00:00+03:00,45995,46060,43130,43775
2022-04-07T01:00:00+03:00,43880,43885,42720,43380
2022-04-08T01:00:00+03:00,43565,44090,42445,42715
2022-04-11T01:00:00+03:00,42710,42805,39460,39955
2022-04-12T01:00:00+03:00,39410,40805,39190,39290
2022-04-13T01:00:00+03:00,39650,41590,39560,41120
2022-04-14T01:00:00+03:00,41240,41540,39565,39825
2022-04-18T01:00:00+03:00,40150,41125,38535,40700
2022-04-19T01:00:00+03:00,40825,41820,40585,41520
2022-04-20T01:00:00+03:00,41335,42295,40895,41235
2022-04-21T01:00:00+03:00,41550,43010,40610,41245
2022-04-22T01:00:00+03:00,40650,40815,39165,39455
2022-04-25T01:00:00+03:00,39595,40400,38190,40210
2022-04-26T01:00:00+03:00,40210,40765,37665,38220
2022-04-27T01:00:00+03:00,38210,39475,37665,38900
2022-04-28T01:00:00+03:00,39300,40475,38900,40025
2022-04-29T01:00:00+03:00,39875,39960,38130,38285
2022-05-02T01:00:00+03:00,38350,39180,38005,38540
2022-05-03T01:00:00+03:00,38685,38810,37420,37635
2022-05-04T01:00:00+03:00,37725,40100,37535,39900
2022-05-05T01:00:00+03:00,39795,39860,35520,36270
2022-05-06T01:00:00+03:00,36405,36595,35180,35925
2022-05-09T01:00:00+03:00,34455,34455,30300,30930
2022-05-10T01:00:00+03:00,30960,32615,29700,31280
2022-05-11T01:00:00+03:00,30195,32140,28105,29195
2022-05-12T01:00:00+03:00,28860,30100,25350,28585
2022-05-13T01:00:00+03:00,28255,31000,28230,30035
2022-05-16T01:00:00+03:00,31000,31400,29020,29505
2022-05-17T01:00:00+03:00,30130,30745,29420,30000
2022-05-18T01:00:00+03:00,30560,30650,28650,29185
2022-05-19T01:00:00+03:00,29025,30510,28555,29945
2022-05-20T01:00:00+03:00,30235,30715,28635,29260
2022-05-23T01:00:00+03:00,30010,30680,28960,29015
2022-05-24T01:00:00+03:00,29235,29580,28570,29305
2022-05-25T01:00:00+03:00,29585,30225,29300,29535
2022-05-26T01:00:00+03:00,29815,29840,27890,29365
2022-05-27T01:00:00+03:00,28600,29640,28165,28815
2022-05-30T01:00:00+03:00,29170,32455,29110,31650
2022-06-01T01:00:00+03:00,31700,32020,29265,30035
2022-06-02T01:00:00+03:00,29535,30435,29480,30290
2022-06-03T01:00:00+03:00,30355,30725,29165,29535
2022-06-06T01:00:00+03:00,29900,31805,29820,31490
2022-06-07T01:00:00+03:00,31500,31575,29130,31045
2022-06-08T01:00:00+03:00,31460,31580,29775,30080
2022-06-09T01:00:00+03:00,30320,30665,29880,29945
2022-06-10T01:00:00+03:00,30085,31025,28740,28920
2022-06-13T01:00:00+03:00,27355,27365,22490,23110
2022-06-14T01:00:00+03:00,23010,23290,20775,22125
2022-06-15T01:00:00+03:00,21460,22385,20025,21625
2022-06-16T01:00:00+03:00,22165,22945,20435,20790
2022-06-17T01:00:00+03:00,20645,21315,20145,20470
2022-06-20T01:00:00+03:00,20390,21715,19600,20860
2022-06-22T01:00:00+03:00,20920,20920,19760,20105
2022-06-23T01:00:00+03:00,20015,21100,19885,20900
2022-06-24T01:00:00+03:00,20675,21465,20675,21255
2022-06-27T01:00:00+03:00,21360,21530,20420,20800
2022-06-28T01:00:00+03:00,20765,21195,20125,20175
2022-06-29T01:00:00+03:00,20290,20405,19775,20185
2022-06-30T01:00:00+03:00,20240,20295,18525,18760
2022-07-01T01:00:00+03:00,18700,20790,18630,19315
2022-07-04T01:00:00+03:00,19270,20740,18985,20390
2022-07-06T01:00:00+03:00,20310,20450,19730,20275
2022-07-07T01:00:00+03:00,20360,21890,20245,21855
2022-07-08T01:00:00+03:00,21670,22550,21160,21765
2022-07-11T01:00:00+03:00,21045,21045,20215,20455
2022-07-12T01:00:00+03:00,20190,20190,19215,19315
2022-07-13T01:00:00+03:00,19290,20090,18830,19615
2022-07-14T01:00:00+03:00,19890,20885,19585,20625
2022-07-15T01:00:00+03:00,20440,21215,20360,21190
2022-07-18T01:00:00+03:00,21080,22785,20750,21620
2022-07-19T01:00:00+03:00,21660,23725,21575,23460
2022-07-20T01:00:00+03:00,23650,24300,22930,23695
2022-07-21T01:00:00+03:00,23595,23685,22365,23230
2022-07-22T01:00:00+03:00,23210,23800,22540,22615
2022-07-25T01:00:00+03:00,22830,23035,21580,21885
2022-07-26T01:00:00+03:00,22045,22045,20715,20915
2022-07-27T01:00:00+03:00,21015,23120,21000,22780
2022-07-28T01:00:00+03:00,22850,24380,22640,23925
2022-07-29T01:00:00+03:00,24010,24620,23560,23990
2022-08-01T01:00:00+03:00,23655,23685,22895,23030
2022-08-02T01:00:00+03:00,23050,23510,22685,23000
2022-08-03T01:00:00+03:00,23175,23705,22730,23540
2022-08-04T01:00:00+03:00,23370,23370,22405,22455
2022-08-05T01:00:00+03:00,22505,23555,22475,22960
2022-08-08T01:00:00+03:00,23310,24355,23085,23985
2022-08-09T01:00:00+03:00,23880,23965,22850,23060
2022-08-10T01:00:00+03:00,23200,24240,22630,23655
2022-08-11T01:00:00+03:00,24000,24980,23840,24245
2022-08-12T01:00:00+03:00,24225,24315,23600,24240
2022-08-15T01:00:00+03:00,24360,25270,23890,24000
2022-08-16T01:00:00+03:00,24060,24265,23640,23945
2022-08-17T01:00:00+03:00,23960,24465,23145,23230
2022-08-18T01:00:00+03:00,23260,23590,23210,23335
2022-08-19T01:00:00+03:00,23330,23370,21035,21230
2022-08-22T01:00:00+03:00,21420,21595,20805,20965
2022-08-23T01:00:00+03:00,21055,21660,20790,21490
2022-08-24T01:00:00+03:00,21480,21900,21125,21710
2022-08-25T01:00:00+03:00,21545,21750,21235,21495
2022-08-26T01:00:00+03:00,21450,21820,20310,20420
2022-08-29T01:00:00+03:00,19890,20315,19345,19965
2022-08-30T01:00:00+03:00,19985,20630,19345,19770
2022-08-31T01:00:00+03:00,19745,20400,19585,20065
2022-09-01T01:00:00+03:00,20130,20145,19310,19695
2022-09-02T01:00:00+03:00,19975,20390,19555,19775
2022-09-05T01:00:00+03:00,19745,20080,18480,18635
2022-09-07T01:00:00+03:00,18780,19365,18360,18925
2022-09-08T01:00:00+03:00,19170,19400,18905,19260
2022-09-09T01:00:00+03:00,19010,21485,19010,21345
2022-09-12T01:00:00+03:00,21500,22530,21500,22455
2022-09-13T01:00:00+03:00,22390,22875,20050,20240
2022-09-14T01:00:00+03:00,20110,20500,19585,19925
2022-09-15T01:00:00+03:00,20130,20345,19450,19730
2022-09-16T01:00:00+03:00,19750,19865,19275,19575
2022-09-19T01:00:00+03:00,19490,19620,18195,19480
2022-09-20T01:00:00+03:00,19525,19640,18690,18950
2022-09-21T01:00:00+03:00,18880,19885,18670,18980
2022-09-22T01:00:00+03:00,18510,19475,18085,19295
2022-09-23T01:00:00+03:00,19200,19495,18455,18745
2022-09-26T01:00:00+03:00,18700,19300,18545,19180
2022-09-27T01:00:00+03:00,19060,20400,18775,19045
2022-09-28T01:00:00+03:00,18975,19685,18440,19565
2022-09-29T01:00:00+03:00,19595,19635,18735,19370
2022-09-30T01:00:00+03:00,19395,20180,19130,19425
2022-10-03T01:00:00+03:00,19190,19690,18785,19525
2022-10-04T01:00:00+03:00,19535,20535,19515,20285
2022-10-05T01:00:00+03:00,20385,20440,19740,20140
2022-10-06T01:00:00+03:00,20085,20515,19870,20025
2022-10-07T01:00:00+03:00,19870,20080,19260,19410
2022-10-10T01:00:00+03:00,19390,19465,19015,19125
2022-10-11T01:00:00+03:00,19165,19225,18760,18900
2022-10-12T01:00:00+03:00,18935,19145,18900,19095
2022-10-13T01:00:00+03:00,19150,19575,17810,19360
2022-10-14T01:00:00+03:00,19415,19975,19065,19110
2022-10-17T01:00:00+03:00,19070,19680,19070,19515
2022-10-18T01:00:00+03:00,19525,19715,19045,19180
2022-10-19T01:00:00+03:00,19255,19340,19035,19200
2022-10-20T01:00:00+03:00,19150,19340,18875,19030
2022-10-21T01:00:00+03:00,19050,19250,18615,19195
2022-10-24T01:00:00+03:00,19470,19695,19130,19340
2022-10-25T01:00:00+03:00,19310,20445,19230,20305
2022-10-26T01:00:00+03:00,20215,21055,20015,20780
2022-10-27T01:00:00+03:00,20730,20960,20335,20720
2022-10-28T01:00:00+03:00,20490,20810,19960,20680
2022-10-31T01:00:00+03:00,20715,20890,20220,20380
2022-11-01T01:00:00+03:00,20430,20725,20320,20480
2022-11-02T01:00:00+03:00,20500,20870,20105,20265
2022-11-03T01:00:00+03:00,20165,20415,20030,20285
2022-11-04T01:00:00+03:00,20280,21400,20185,21155
2022-11-07T02:00:00+03:00,21200,21215,20635,20845
2022-11-08T02:00:00+03:00,20500,20700,16835,18080
2022-11-09T02:00:00+03:00,18480,18565,14925,15615
2022-11-10T02:00:00+03:00,15440,17935,15230,17780
2022-11-11T02:00:00+03:00,17460,17480,15715,16050
2022-11-14T02:00:00+03:00,15870,16740,15250,16005
2022-11-15T02:00:00+03:00,16085,16990,16085,16690
2022-11-16T02:00:00+03:00,16715,16855,16015,16285
2022-11-17T02:00:00+03:00,16370,16610,16115,16520
2022-11-18T02:00:00+03:00,16545,16880,16365,16530
2022-11-21T02:00:00+03:00,16155,16265,15355,15690
2022-11-22T02:00:00+03:00,15645,16295,15515,16055
2022-11-23T02:00:00+03:00,15665,16290,15540,16255
2022-11-24T02:00:00+03:00,16160,16460,15980,16300
2022-11-28T02:00:00+03:00,16335,16375,15630,15990
2022-11-29T02:00:00+03:00,15920,16410,15880,16265
2022-11-30T02:00:00+03:00,16235,17140,16160,17080
2022-12-01T02:00:00+03:00,17190,17235,16760,16820
2022-12-02T02:00:00+03:00,16870,17055,16055,16995
2022-12-05T02:00:00+03:00,17020,17435,16750,16825
2022-12-06T02:00:00+03:00,16865,17025,16800,16945
2022-12-07T02:00:00+03:00,16935,17090,16580,16725
2022-12-08T02:00:00+03:00,16760,17320,16665,17185
2022-12-09T02:00:00+03:00,17240,17355,17005,17035
2022-12-12T02:00:00+03:00,17080,17220,16820,17115
2022-12-13T02:00:00+03:00,17170,18125,17050,17745
2022-12-14T02:00:00+03:00,17775,18420,17680,17795
2022-12-15T02:00:00+03:00,17840,17875,17290,17395
2022-12-16T02:00:00+03:00,17340,17525,16675,16775
2022-12-19T02:00:00+03:00,16690,16770,16395,16495
2022-12-20T02:00:00+03:00,16325,17095,16275,16840
2022-12-21T02:00:00+03:00,16870,16885,16670,16735
2022-12-22T02:00:00+03:00,16725,16850,16460,16735
2022-12-23T02:00:00+03:00,16760,16910,16695,16780
2022-12-27T02:00:00+03:00,16825,16950,16515,16595
2022-12-28T02:00:00+03:00,16640,16760,16420,16570
2022-12-29T02:00:00+03:00,16330,16475,16220,16385
2022-12-30T02:00:00+03:00,16445,16630,16090,16535
2023-01-03T02:00:00+03:00,16675,16765,16525,16615
2023-01-04T02:00:00+03:00,16625,17015,16610,16780
2023-01-05T02:00:00+03:00,16810,16890,16715,16840
2023-01-06T02:00:00+03:00,16825,17085,16645,16895
2023-01-09T02:00:00+03:00,16980,17440,16955,17225
2023-01-10T02:00:00+03:00,17180,17555,17135,17535
2023-01-11T02:00:00+03:00,17490,17635,17330,17615
2023-01-12T02:00:00+03:00,17625,19200,17615,19155
2023-01-13T02:00:00+03:00,18945,19995,18785,19550
2023-01-16T02:00:00+03:00,20985,21725,20690,21485
2023-01-18T02:00:00+03:00,21325,21795,20460,20800
2023-01-19T02:00:00+03:00,20905,21275,20730,21200
2023-01-20T02:00:00+03:00,21155,22525,20935,22390
2023-01-23T02:00:00+03:00,22605,23240,22585,23090
2023-01-24T02:00:00+03:00,22990,23210,22775,23065
2023-01-25T02:00:00+03:00,22770,23770,22345,22940
2023-01-26T02:00:00+03:00,23200,23460,23030,23335
2023-01-27T02:00:00+03:00,23270,23750,22765,23320
2023-01-30T02:00:00+03:00,23900,24080,22715,22825
2023-01-31T02:00:00+03:00,22870,23410,22850,23250
2023-02-01T02:00:00+03:00,23335,23965,22905,23755
2023-02-02T02:00:00+03:00,23940,24450,23550,24005
2023-02-03T02:00:00+03:00,23665,23890,23340,23485
2023-02-06T02:00:00+03:00,23100,23275,22755,23110
2023-02-07T02:00:00+03:00,22960,23460,22725,23300
2023-02-08T02:00:00+03:00,23300,23540,22695,22885
2023-02-09T02:00:00+03:00,23015,23085,21720,22010
2023-02-10T02:00:00+03:00,21825,21970,21505,21775
2023-02-13T02:00:00+03:00,21820,21930,21380,21710
2023-02-14T02:00:00+03:00,21700,22375,21575,22335
2023-02-15T02:00:00+03:00,22270,24415,22100,24250
2023-02-16T02:00:00+03:00,24285,25345,24245,24640
2023-02-17T02:00:00+03:00,24080,25095,23430,24870
2023-02-20T02:00:00+03:00,24505,25335,23905,24490
2023-02-22T02:00:00+03:00,24395,24495,23590,23800
2023-02-23T02:00:00+03:00,24320,24785,23815,24170
2023-02-24T02:00:00+03:00,24075,24365,22965,23345
2023-02-27T02:00:00+03:00,23565,24060,23235,23445
2023-02-28T02:00:00+03:00,23585,23780,23150,23410
2023-03-01T02:00:00+03:00,23275,24165,23140,23530
2023-03-02T02:00:00+03:00,23645,23925,23300,23590
2023-03-03T02:00:00+03:00,23560,23615,22020,22320
2023-03-06T02:00:00+03:00,22455,22665,22300,22390
2023-03-07T02:00:00+03:00,22455,22600,21940,22070
2023-03-08T02:00:00+03:00,22100,22300,21880,22115
2023-03-09T02:00:00+03:00,21800,21850,19960,20065
2023-03-10T02:00:00+03:00,20300,20330,19520,19965
2023-03-13T01:00:00+03:00,21250,24620,21110,24405
2023-03-14T01:00:00+03:00,24230,26615,24030,25240
2023-03-15T01:00:00+03:00,24655,25440,24005,24490
2023-03-16T01:00:00+03:00,24610,25300,24250,25090
2023-03-17T01:00:00+03:00,25040,27155,25000,27000
2023-03-20T01:00:00+03:00,28095,28715,27320,27945
2023-03-21T01:00:00+03:00,28150,28680,27555,28310
2023-03-22T01:00:00+03:00,28210,29045,26700,26800
2023-03-23T01:00:00+03:00,27200,28935,27075,28550
2023-03-24T01:00:00+03:00,28385,28570,27480,27915
2023-03-27T01:00:00+03:00,27960,28240,26520,26980
2023-03-28T01:00:00+03:00,27175,27545,26650,27455
2023-03-29T01:00:00+03:00,27170,28685,27170,28440
2023-03-30T01:00:00+03:00,28590,29415,27915,28220
2023-03-31T01:00:00+03:00,28335,29155,27745,28740
2023-04-03T01:00:00+03:00,28540,28775,27595,28265
2023-04-04T01:00:00+03:00,27930,28650,27855,28375
2023-04-05T01:00:00+03:00,28390,28985,27935,28385
2023-04-06T01:00:00+03:00,28350,28350,27765,28140
2023-04-07T01:00:00+03:00,28105,28215,27870,28045
2023-04-10T01:00:00+03:00,28505,29670,28265,29420
2023-04-11T01:00:00+03:00,29445,30775,29435,30325
2023-04-12T01:00:00+03:00,30365,30710,29800,29925
2023-04-13T01:00:00+03:00,30035,30900,29940,30530
2023-04-14T01:00:00+03:00,30445,31200,30065,30470
2023-04-17T01:00:00+03:00,30585,30585,29285,29550
2023-04-18T01:00:00+03:00,29555,30590,29145,30325
2023-04-19T01:00:00+03:00,30435,30520,29010,29265
2023-04-20T01:00:00+03:00,29195,29255,27985,28095
2023-04-21T01:00:00+03:00,28240,28360,27195,27310
2023-04-24T01:00:00+03:00,27425,28010,26980,27400
2023-04-25T01:00:00+03:00,27450,28070,27195,27605
2023-04-26T01:00:00+03:00,28320,30050,27250,27900
2023-04-27T01:00:00+03:00,28725,30130,28415,29940
2023-04-28T01:00:00+03:00,29930,29930,29060,29475
2023-05-01T01:00:00+03:00,29615,29615,27710,27915
2023-05-02T01:00:00+03:00,28030,29055,27955,28850
2023-05-03T01:00:00+03:00,28795,28955,28180,28415
2023-05-04T01:00:00+03:00,29005,29525,28775,29015
2023-05-05T01:00:00+03:00,28940,29910,28860,29765
2023-05-08T01:00:00+03:00,29105,29110,27320,27365
2023-05-09T01:00:00+03:00,27595,27875,27400,27770
2023-05-10T01:00:00+03:00,27660,28415,26745,27775
2023-05-11T01:00:00+03:00,27615,27810,26730,26845
2023-05-12T01:00:00+03:00,27010,27085,25840,26485
2023-05-15T01:00:00+03:00,26885,27740,26770,27475
2023-05-16T01:00:00+03:00,27410,27420,26905,26965
2023-05-17T01:00:00+03:00,27055,27520,26540,27430
2023-05-18T01:00:00+03:00,27390,27545,26375,26780
2023-05-19T01:00:00+03:00,26885,27235,26675,26885
2023-05-22T01:00:00+03:00,26825,27160,26540,26865
2023-05-23T01:00:00+03:00,26915,27565,26800,27200
2023-05-24T01:00:00+03:00,27250,27265,26015,26225
2023-05-25T01:00:00+03:00,26555,26655,25985,26565
2023-05-26T01:00:00+03:00,26510,27105,26395,26915
2023-05-29T01:00:00+03:00,27915,28665,27700,28070
2023-05-31T01:00:00+03:00,27905,28040,26910,27075
2023-06-01T01:00:00+03:00,27185,27440,26675,26925
2023-06-02T01:00:00+03:00,26965,27440,26560,27385
2023-06-05T01:00:00+03:00,27335,27615,25390,25640
2023-06-06T01:00:00+03:00,25665,27375,25315,27265
2023-06-07T01:00:00+03:00,27170,27525,26330,26610
2023-06-08T01:00:00+03:00,26335,26955,26200,26650
2023-06-09T01:00:00+03:00,26710,26920,26380,26475
2023-06-12T01:00:00+03:00,26155,26190,25670,25890
2023-06-13T01:00:00+03:00,26010,26555,25725,25930
2023-06-14T01:00:00+03:00,25890,26155,24815,25900
2023-06-15T01:00:00+03:00,25110,25620,24745,25470
2023-06-16T01:00:00+03:00,25600,26600,25145,26445
2023-06-19T01:00:00+03:00,26485,28445,26310,28180
2023-06-21T01:00:00+03:00,28250,30940,28250,30260
2023-06-22T01:00:00+03:00,30020,30685,29740,30370
2023-06-23T01:00:00+03:00,30175,31655,29975,31120
2023-06-26T01:00:00+03:00,30690,30800,30000,30315
2023-06-27T01:00:00+03:00,30215,31115,30185,30705
2023-06-28T01:00:00+03:00,30785,30785,29870,30110
2023-06-29T01:00:00+03:00,30460,31260,30420,31040
2023-06-30T01:00:00+03:00,30875,31730,29605,30680
2023-07-03T01:00:00+03:00,30850,31835,30735,31700
2023-07-04T01:00:00+03:00,31480,31725,30420,30675
2023-07-06T01:00:00+03:00,30705,31860,30060,30510
2023-07-07T01:00:00+03:00,30370,30685,29875,30370
2023-07-10T01:00:00+03:00,30290,31260,30075,31055
2023-07-11T01:00:00+03:00,30700,31000,30305,30755
2023-07-12T01:00:00+03:00,30705,31190,30325,30395
2023-07-13T01:00:00+03:00,30460,32165,30360,31925
2023-07-14T01:00:00+03:00,31515,31910,30025,30235
2023-07-17T01:00:00+03:00,30415,30495,29740,29990
2023-07-18T01:00:00+03:00,30335,30355,29535,29785
2023-07-19T01:00:00+03:00,29810,30275,29775,30105
2023-07-20T01:00:00+03:00,29955,30515,29560,29765
2023-07-21T01:00:00+03:00,29920,30120,29735,29885
2023-07-24T01:00:00+03:00,29960,30135,28810,29105
2023-07-25T01:00:00+03:00,29145,29390,29055,29180
2023-07-26T01:00:00+03:00,29240,29690,29075,29395
2023-07-27T01:00:00+03:00,29730,29840,29175,29310
2023-07-28T01:00:00+03:00,29330,29805,29275,29535
2023-07-31T01:00:00+03:00,29390,29760,29255,29285
2023-08-01T01:00:00+03:00,29400,29520,28625,29440
2023-08-02T01:00:00+03:00,29385,30245,28980,29280
2023-08-03T01:00:00+03:00,29285,29600,29060,29410
2023-08-04T01:00:00+03:00,29400,29490,28860,29090
2023-08-07T01:00:00+03:00,29125,29315,28720,29255
2023-08-08T01:00:00+03:00,29320,30260,29235,30075
2023-08-09T01:00:00+03:00,30065,30275,29460,29510
2023-08-10T01:00:00+03:00,29635,29855,29390,29495
2023-08-11T01:00:00+03:00,29560,29680,29310,29465
2023-08-14T01:00:00+03:00,29450,29810,29095,29395
2023-08-15T01:00:00+03:00,29460,29595,29115,29225
2023-08-16T01:00:00+03:00,29255,29305,28855,29130
2023-08-17T01:00:00+03:00,28955,28990,27485,27850
2023-08-18T01:00:00+03:00,26475,27005,25600,26020
2023-08-21T01:00:00+03:00,26195,26220,25795,26065
2023-08-22T01:00:00+03:00,26160,26165,25690,25730
2023-08-23T01:00:00+03:00,25595,26810,25585,26640
2023-08-24T01:00:00+03:00,26470,26690,25955,26140
2023-08-25T01:00:00+03:00,26130,26445,25865,26080
2023-08-28T01:00:00+03:00,26210,26360,25930,26090
2023-08-29T01:00:00+03:00,26075,28335,25980,28010
2023-08-30T01:00:00+03:00,27875,27970,27130,27260
2023-08-31T01:00:00+03:00,27385,27705,26010,26240
2023-09-01T01:00:00+03:00,26070,26225,25400,25700
2023-09-04T01:00:00+03:00,25985,26170,25580,25735
2023-09-06T01:00:00+03:00,25795,26140,25335,25705
2023-09-07T01:00:00+03:00,25795,26090,25630,25980
2023-09-08T01:00:00+03:00,26210,26560,25690,26005
2023-09-11T01:00:00+03:00,25930,26120,24925,25030
2023-09-12T01:00:00+03:00,25140,26685,25100,26125
2023-09-13T01:00:00+03:00,26180,26520,25845,26205
2023-09-14T01:00:00+03:00,26330,26955,26215,26765
2023-09-15T01:00:00+03:00,26635,26780,26265,26475
2023-09-18T01:00:00+03:00,26560,27550,26425,26885
2023-09-19T01:00:00+03:00,26885,27620,26715,27270
2023-09-20T01:00:00+03:00,27225,27455,26845,26990
2023-09-21T01:00:00+03:00,27165,27230,26380,26635
2023-09-22T01:00:00+03:00,26600,26815,26525,26545
2023-09-25T01:00:00+03:00,26545,26545,25985,26355
2023-09-26T01:00:00+03:00,26300,26430,26090,26245
2023-09-27T01:00:00+03:00,26150,26890,26080,26250
2023-09-28T01:00:00+03:00,26400,27590,26400,27355
2023-09-29T01:00:00+03:00,27255,27460,27090,27310